Threshold,Value
T1,21.928550142585827
T2,30.93428790803563
T3,39.94002567348543
