Participant,Group,Slow_Peak,Slow_Recovery,Fast_Peak,Fast_Recovery
004,Young,26.42457097765127,0.0,37.150039202061066,1.22
005,Young,24.81252491169513,30.32,32.36270101111667,6.0
006,Aging,30.14966191021805,18.52,39.38722145276349,15.21
008,Young,28.536580350071095,0.1,31.75828976338067,15.32
009,Young,26.829571629804292,0.0,37.94341420198648,0.02
010,Aging,13.917287858758426,0.0,14.560536877731636,11.46
017,Young,40.690064372610735,4.46,24.96633026156293,0.04
