Participant,Group,Slow_Peak,Slow_Recovery,Fast_Peak,Fast_Recovery
4,Young,26.42457097765127,0.0,37.150039202061066,1.22
5,Young,24.81252491169513,30.32,32.36270101111667,6.0
6,Aging,30.14966191021805,18.52,39.38722145276349,15.21
7,Young,24.81,0.04,,
8,Young,28.53658035007109,0.1,31.75828976338067,15.32
9,Young,26.82957162980429,0.0,37.94341420198648,0.02
10,Aging,13.917287858758426,0.0,14.560536877731636,11.46
17,Young,40.690064372610735,4.46,24.96633026156293,0.04
