Session,Participant,R_squared,RMSE_ms,Mean_diff_ms,SD_diff_ms,Match_rate_pct,Steps_matched,Steps_IMU,Steps_MOCAP,Temporal_offset_s
1,016,0.9999982430768269,138.5322080733566,13.796402170536966,137.84350532697786,93.29608938547486,501,537,684,1.4572864321608048
2,017,0.999997671724543,159.80540856076533,-13.877548603679516,159.20170303745383,92.42424242424242,488,528,615,0.5527638190954782
